{"cameraMode":{"drawMode":0,"name":"Shaded","section":"Shading Mode"},"sceneLighting":true,"audioPlay":false,"sceneViewState":{"m_AlwaysRefresh":false,"showFog":true,"showSkybox":true,"showFlares":true,"showImageEffects":true,"showParticleSystems":true,"showVisualEffectGraphs":true,"m_FxEnabled":true},"in2DMode":false,"pivot":{"x":0.5741791129112244,"y":0.08066276460886002,"z":0.07268629968166352},"rotation":{"x":-0.10599830746650696,"y":0.07480961084365845,"z":-0.007997230626642704,"w":-0.9915231466293335},"size":0.722785234451294,"orthographic":true}