{"cameraMode":{"drawMode":0,"name":"Shaded","section":"Shading Mode"},"sceneLighting":true,"audioPlay":false,"sceneViewState":{"m_AlwaysRefresh":false,"showFog":true,"showSkybox":true,"showFlares":true,"showImageEffects":true,"showParticleSystems":true,"showVisualEffectGraphs":true,"m_FxEnabled":true},"in2DMode":false,"pivot":{"x":72.53506469726563,"y":60.31629943847656,"z":226.99880981445313},"rotation":{"x":0.21900437772274018,"y":-0.15005899965763093,"z":0.03410736471414566,"w":0.9635152220726013},"size":68.54891204833985,"orthographic":true}