{"cameraMode":{"drawMode":0,"name":"Shaded","section":"Shading Mode"},"sceneLighting":true,"audioPlay":false,"sceneViewState":{"m_AlwaysRefresh":false,"showFog":true,"showSkybox":true,"showFlares":true,"showImageEffects":true,"showParticleSystems":true,"showVisualEffectGraphs":true,"m_FxEnabled":true},"in2DMode":false,"pivot":{"x":136.20306396484376,"y":40.07939910888672,"z":127.0999984741211},"rotation":{"x":0.14544379711151124,"y":-0.18143625557422639,"z":0.027143046259880067,"w":0.9722115397453308},"size":121.5921401977539,"orthographic":true}