{"cameraMode":{"drawMode":0,"name":"Shaded","section":"Shading Mode"},"sceneLighting":false,"audioPlay":false,"sceneViewState":{"m_AlwaysRefresh":false,"showFog":false,"showSkybox":false,"showFlares":false,"showImageEffects":false,"showParticleSystems":false,"showVisualEffectGraphs":true,"m_FxEnabled":true},"in2DMode":false,"pivot":{"x":-0.0011950898915529252,"y":0.04689699411392212,"z":0.000244656577706337},"rotation":{"x":-0.09336363524198532,"y":0.8579024076461792,"z":-0.16811034083366395,"w":-0.4764915406703949},"size":0.06378018110990524,"orthographic":true}